anno,fpi_dic_mln_eur,ocpi_mln_eur,delta_pct,anomalia
1861,1.7,1.7,0.0,no
1862,1.8,1.8,0.0,no
1863,2.1,2.1,0.0,no
1864,2.6,2.6,0.0,no
1865,3.0,3.0,0.0,no
1866,3.4,3.4,0.0,no
1867,4.0,4.0,0.0,no
1868,4.2,4.2,0.0,no
1869,4.3,4.3,0.0,no
1870,4.7,4.7,0.0,no
1871,4.9,4.9,0.0,no
1872,5.0,5.0,0.0,no
1873,5.1,5.1,0.0,no
1874,4.8,4.8,0.0,no
1875,4.8,4.8,0.0,no
1876,5.5,5.5,0.0,no
1877,5.6,5.6,0.0,no
1878,5.6,5.6,0.0,no
1879,5.6,5.6,0.0,no
1880,5.5,5.5,0.0,no
1881,6.1,6.1,0.0,no
1882,6.6,6.6,0.0,no
1883,6.5,6.5,0.0,no
1884,6.5,6.5,0.0,no
1885,6.4,6.4,0.0,no
1886,6.5,6.5,0.0,no
1887,6.6,6.6,0.0,no
1888,6.8,6.8,0.0,no
1889,7.0,7.0,0.0,no
1890,7.0,7.0,0.0,no
1891,7.2,7.2,0.0,no
1892,7.3,7.3,0.0,no
1893,7.3,7.3,0.0,no
1894,7.6,7.6,0.0,no
1895,7.6,7.6,0.0,no
1896,7.8,7.8,0.0,no
1897,7.9,7.9,0.0,no
1898,8.0,8.0,0.0,no
1899,8.0,8.0,0.0,no
1900,8.0,8.0,0.0,no
1901,7.9,7.9,0.0,no
1902,7.9,7.9,0.0,no
1903,7.9,7.9,0.0,no
1904,8.0,8.0,0.0,no
1905,8.1,8.1,0.0,no
1906,8.1,8.1,0.0,no
1907,8.2,8.2,0.0,no
1908,8.4,8.4,0.0,no
1909,8.5,8.5,0.0,no
1910,8.7,8.7,0.0,no
1911,8.8,8.8,0.0,no
1912,9.1,9.1,0.0,no
1913,9.4,9.4,0.0,no
1914,10.0,10.0,0.0,no
1915,12.6,12.6,0.0,no
1916,15.9,15.9,0.0,no
1917,26.6,26.6,0.0,no
1918,36.2,36.2,0.0,no
1919,56.4,56.4,0.0,no
1920,90.9,90.9,0.0,no
1921,91.4,91.4,0.0,no
1922,90.9,90.9,0.0,no
1923,98.9,98.9,0.0,no
1924,103.0,103.0,0.0,no
1925,92.9,92.9,0.0,no
1926,84.9,84.9,0.0,no
1927,84.4,84.4,0.0,no
1928,82.8,82.8,0.0,no
1929,83.1,83.1,0.0,no
1930,83.3,83.3,0.0,no
1931,72.2,72.2,0.0,no
1932,55.7,55.7,0.0,no
1933,57.2,57.2,0.0,no
1934,60.2,60.2,0.0,no
1935,61.1,61.1,0.0,no
1936,66.6,66.6,0.0,no
1937,70.2,70.2,0.0,no
1938,75.4,75.4,0.0,no
1939,81.7,81.7,0.0,no
1940,99.6,99.6,0.0,no
1941,140.7,140.7,0.0,no
1942,194.9,194.9,0.0,no
1943,262.6,262.6,0.0,no
1944,397.8,397.8,0.0,no
1945,574.1,574.1,0.0,no
1946,752.8,752.8,0.0,no
1947,926.4,926.4,0.0,no
1948,1230.4,1230.4,0.0,no
1949,1445.6,1445.6,0.0,no
1950,1615.1,1615.1,0.0,no
1951,1907.1,1907.1,0.0,no
1952,2191.4,2191.4,0.0,no
1953,2492.0,2492.0,0.0,no
1954,2794.9,2794.9,0.0,no
1955,3078.4,3078.4,0.0,no
1956,3261.7,3261.7,0.0,no
1957,3440.6,3440.6,0.0,no
1958,3688.7,3688.7,0.0,no
1959,4056.0,4056.0,0.0,no
1960,4214.3,4214.3,0.0,no
1961,4485.5,4485.5,0.0,no
1962,4866.4,4866.4,0.0,no
1963,5235.1,5235.1,0.0,no
1964,5736.1,5736.1,0.0,no
1965,6434.2,6434.2,0.0,no
1966,8159.5,8159.5,0.0,no
1967,8939.7,8939.7,0.0,no
1968,10405.1,10405.1,0.0,no
1969,11690.8,11690.8,0.0,no
1970,13430.8,13430.8,0.0,no
1971,16445.8,16445.8,0.0,no
1972,20473.9,20473.9,0.0,no
1973,26242.9,26242.9,0.0,no
1974,32941.5,32941.5,0.0,no
1975,42618.5,42618.5,0.0,no
1976,53193.0,53193.0,0.0,no
1977,63690.2,63690.2,0.0,no
1978,80760.2,80760.2,0.0,no
1979,96975.9,96975.9,0.0,no
1980,116744.8,116744.8,0.0,no
1981,145449.8,145449.8,0.0,no
1982,185160.9,185160.9,0.0,no
1983,236605.0,236605.0,0.0,no
1984,291718.6,291718.6,0.0,no
1985,354113.5,354113.5,0.0,no
1986,412760.1,412760.1,0.0,no
1987,473277.4,473277.4,0.0,no
1988,536865.0,536865.0,0.0,no
1989,606368.9,606368.9,0.0,no
1990,685300.0,685300.0,0.0,no
1991,774895.7,774895.7,0.0,no
1992,870995.5,870995.5,0.0,no
1993,983317.9,983317.9,0.0,no
1994,1094981.1,1094981.1,0.0,no
1995,1179588.7,1179588.7,0.0,no
1996,1245731.4,1245731.4,0.0,no
1997,1275677.7,1275677.7,0.0,no
1998,1299741.3,1299741.3,0.0,no
1999,1331320.6,1331320.6,0.0,no
2000,1353569.3,1353569.3,0.0,no
2001,1420026.6,1420026.6,0.0,no
2002,1436141.8,1436141.8,0.0,no
2003,1470950.9,1471325.7,0.03,no
2004,1526472.1,1526461.4,-0.0,no
2005,1591674.2,1591649.7,-0.0,no
2006,1657478.6,1657403.4,-0.0,no
2007,1677896.6,1677724.7,-0.01,no
2008,1739108.6,1738851.1,-0.01,no
2009,1839805.5,1839486.4,-0.02,no
2010,1921443.5,1921100.2,-0.02,no
2011,1974407.5,1974013.1,-0.02,no
2012,2055839.8,2055338.1,-0.02,no
2013,2137704.9,2137087.6,-0.03,no
2014,2205114.1,2204423.6,-0.03,no
2015,2241939.6,2241194.7,-0.03,no
2016,2288631.1,2287840.2,-0.03,no
2017,2333136.6,2332197.1,-0.04,no
2018,2385736.4,2384630.5,-0.05,no
2019,2415645.6,2414251.9,-0.06,no
2020,2578177.3,2576628.9,-0.06,no
2021,2686742.9,2686729.2,-0.0,no
2022,2764481.2,2764452.9,-0.0,no
2023,2869976.2,2869937.8,-0.0,no
2024,2967004.1,2966915.3,-0.0,no
2025,3095887.6,3095521.9,-0.01,no
